epoch,Categorical Accuracy,Macro F1,Micro F1,Weighted F1,loss,val_Categorical Accuracy,val_Macro F1,val_Micro F1,val_Weighted F1,val_loss
10,0.6716067790985107,0.5486347675323486,0.6716067790985107,0.6550244092941284,1.322487711906433,0.359652578830719,0.10121104121208191,0.359652578830719,0.33095699548721313,1.932958722114563
11,0.6833270192146301,0.5584970116615295,0.6833270192146301,0.6663964986801147,1.2423633337020874,0.4915120303630829,0.15837453305721283,0.4915120303630829,0.4173831641674042,1.9410163164138794
